    0.000000,     1.499952
    0.000282,     1.499894
    0.000563,     1.495370
    0.000845,     1.490367
    0.001127,     1.485365
    0.001408,     1.480363
    0.001690,     1.475361
    0.001972,     1.470359
    0.002254,     1.465338
    0.002535,     1.460336
    0.002817,     1.455334
    0.003099,     1.450294
    0.003380,     1.445234
    0.003662,     1.440232
    0.003944,     1.435211
    0.004225,     1.430209
    0.004507,     1.425188
    0.004789,     1.420186
    0.005070,     1.415145
    0.005352,     1.410143
    0.005634,     1.405084
    0.005915,     1.400082
    0.006197,     1.394985
    0.006479,     1.389983
    0.006761,     1.384923
    0.007042,     1.379921
    0.007324,     1.374919
    0.007606,     1.369917
    0.007887,     1.364877
    0.008169,     1.359856
    0.008451,     1.354853
    0.008732,     1.349851
    0.009014,     1.344849
    0.009296,     1.339847
    0.009577,     1.334788
    0.009859,     1.329786
    0.010141,     1.324746
    0.010423,     1.319705
    0.010704,     1.314646
    0.010986,     1.309644
    0.011268,     1.304642
    0.011549,     1.299602
    0.011831,     1.294542
    0.012113,     1.289540
    0.012394,     1.284538
    0.012676,     1.279536
    0.012958,     1.274534
    0.013239,     1.269532
    0.013521,     1.264473
    0.013803,     1.259413
    0.014085,     1.254392
    0.014366,     1.249371
    0.014648,     1.244369
    0.014930,     1.239367
    0.015211,     1.234346
    0.015493,     1.229344
    0.015775,     1.224342
    0.016056,     1.219340
    0.016338,     1.214337
    0.016620,     1.209316
    0.016901,     1.204314
    0.017183,     1.199312
    0.017465,     1.194291
    0.017746,     1.189289
    0.018028,     1.184268
    0.018310,     1.179266
    0.018592,     1.174264
    0.018873,     1.169262
    0.019155,     1.164164
    0.019437,     1.159162
    0.019718,     1.154122
    0.020000,     1.149082
    0.020282,     1.144079
    0.020563,     1.139077
    0.020845,     1.134075
    0.021127,     1.129035
    0.021408,     1.124014
    0.021690,     1.118974
    0.021972,     1.113972
    0.022254,     1.108912
    0.022535,     1.103872
    0.022817,     1.098832
    0.023099,     1.093830
    0.023380,     1.088789
    0.023662,     1.083768
    0.023944,     1.078766
    0.024225,     1.073764
    0.024507,     1.068724
    0.024789,     1.063722
    0.025070,     1.058720
    0.025352,     1.053699
    0.025634,     1.048696
    0.025915,     1.043694
    0.026197,     1.038692
    0.026479,     1.033690
    0.026761,     1.028612
    0.027042,     1.023572
    0.027324,     1.018531
    0.027606,     1.013529
    0.027887,     1.008508
    0.028169,     1.003506
    0.028451,     0.998485
    0.028732,     0.993483
    0.029014,     0.988481
    0.029296,     0.983479
    0.029577,     0.978477
    0.029859,     0.973475
    0.030141,     0.968472
    0.030423,     0.963470
    0.030704,     0.958449
    0.030986,     0.953447
    0.031268,     0.948445
    0.031549,     0.943443
    0.031831,     0.938441
    0.032113,     0.933439
    0.032394,     0.928437
    0.032676,     0.923435
    0.032958,     0.918414
    0.033239,     0.913412
    0.033521,     0.908409
    0.033803,     0.903407
    0.034085,     0.898405
    0.034366,     0.893384
    0.034648,     0.888382
    0.034930,     0.883380
    0.035211,     0.878340
    0.035493,     0.873319
    0.035775,     0.868317
    0.036056,     0.863314
    0.036338,     0.858274
    0.036620,     0.853253
    0.036901,     0.848251
    0.037183,     0.843249
    0.037465,     0.838247
    0.037746,     0.833226
    0.038028,     0.828205
    0.038310,     0.823202
    0.038592,     0.818181
    0.038873,     0.813179
    0.039155,     0.808158
    0.039437,     0.803156
    0.039718,     0.798135
    0.040000,     0.793496
    0.040282,     0.788417
    0.040563,     0.783931
    0.040845,     0.778928
    0.041127,     0.774423
    0.041408,     0.769898
    0.041690,     0.765450
    0.041972,     0.761288
    0.042254,     0.756877
    0.042535,     0.752868
    0.042817,     0.748706
    0.043099,     0.744716
    0.043380,     0.740573
    0.043662,     0.736888
    0.043944,     0.733203
    0.044225,     0.729309
    0.044507,     0.725853
    0.044789,     0.722340
    0.045070,     0.718885
    0.045352,     0.715486
    0.045634,     0.712241
    0.045915,     0.708747
    0.046197,     0.705730
    0.046479,     0.702542
    0.046761,     0.699411
    0.047042,     0.696509
    0.047324,     0.693721
    0.047606,     0.690629
    0.047887,     0.687822
    0.048169,     0.685073
    0.048451,     0.682305
    0.048732,     0.679460
    0.049014,     0.677054
    0.049296,     0.674381
    0.049577,     0.671651
    0.049859,     0.669188
    0.050141,     0.666611
    0.050423,     0.664034
    0.050704,     0.661838
    0.050986,     0.659433
    0.051268,     0.657008
    0.051549,     0.654602
    0.051831,     0.652349
    0.052113,     0.650058
    0.052394,     0.647748
    0.052676,     0.645534
    0.052958,     0.643357
    0.053239,     0.641295
    0.053521,     0.639004
    0.053803,     0.636866
    0.054085,     0.634651
    0.054366,     0.632761
    0.054648,     0.630737
    0.054930,     0.628580
    0.055211,     0.626671
    0.055493,     0.624704
    0.055775,     0.622681
    0.056056,     0.620752
    0.056338,     0.618996
    0.056620,     0.616915
    0.056901,     0.615159
    0.057183,     0.613097
    0.057465,     0.611397
    0.057746,     0.609450
    0.058028,     0.607846
    0.058310,     0.606052
    0.058592,     0.604085
    0.058873,     0.602405
    0.059155,     0.600649
    0.059437,     0.598911
    0.059718,     0.597365
    0.060000,     0.595589
    0.060282,     0.593852
    0.060563,     0.592210
    0.060845,     0.590625
    0.061127,     0.588888
    0.061408,     0.587571
    0.061690,     0.585738
    0.061972,     0.584401
    0.062254,     0.582798
    0.062535,     0.581156
    0.062817,     0.579533
    0.063099,     0.578006
    0.063380,     0.576612
    0.063662,     0.575123
    0.063944,     0.573672
    0.064225,     0.572240
    0.064507,     0.570617
    0.064789,     0.569166
    0.065070,     0.567906
    0.065352,     0.566608
    0.065634,     0.565042
    0.065915,     0.563725
    0.066197,     0.562389
    0.066479,     0.560919
    0.066761,     0.559639
    0.067042,     0.558475
    0.067324,     0.557100
    0.067606,     0.555706
    0.067887,     0.554523
    0.068169,     0.553129
    0.068451,     0.551945
    0.068732,     0.550571
    0.069014,     0.549368
    0.069296,     0.548051
    0.069577,     0.546867
    0.069859,     0.545740
    0.070141,     0.544423
    0.070423,     0.543239
    0.070704,     0.541960
    0.070986,     0.540872
    0.071268,     0.539707
    0.071549,     0.538657
    0.071831,     0.537493
    0.072113,     0.536366
    0.072394,     0.535145
    0.072676,     0.534075
    0.072958,     0.532892
    0.073239,     0.531880
    0.073521,     0.530773
    0.073803,     0.529665
    0.074085,     0.528691
    0.074366,     0.527584
    0.074648,     0.526572
    0.074930,     0.525389
    0.075211,     0.524205
    0.075493,     0.523308
    0.075775,     0.522372
    0.076056,     0.521227
    0.076338,     0.520177
    0.076620,     0.519165
    0.076901,     0.518439
    0.077183,     0.517179
    0.077465,     0.516186
    0.077746,     0.515155
    0.078028,     0.514220
    0.078310,     0.513303
    0.078592,     0.512177
    0.078873,     0.511299
    0.079155,     0.510382
    0.079437,     0.509351
    0.079718,     0.508359
    0.080000,     0.507347
    0.080282,     0.506526
    0.080563,     0.505457
    0.080845,     0.504464
    0.081127,     0.503681
    0.081408,     0.502746
    0.081690,     0.501619
    0.081972,     0.500836
    0.082254,     0.499958
    0.082535,     0.498851
    0.082817,     0.498049
    0.083099,     0.497094
    0.083380,     0.496216
    0.083662,     0.495433
    0.083944,     0.494422
    0.084225,     0.493429
    0.084507,     0.492531
    0.084789,     0.491730
    0.085070,     0.490660
    0.085352,     0.489782
    0.085634,     0.488866
    0.085915,     0.487930
    0.086197,     0.487052
    0.086479,     0.486250
    0.086761,     0.485391
    0.087042,     0.484379
    0.087324,     0.483520
    0.087606,     0.482623
    0.087887,     0.481668
    0.088169,     0.480885
    0.088451,     0.480045
    0.088732,     0.478995
    0.089014,     0.478041
    0.089296,     0.477315
    0.089577,     0.476513
    0.089859,     0.475482
    0.090141,     0.474642
    0.090423,     0.473707
    0.090704,     0.472924
    0.090986,     0.471970
    0.091268,     0.471034
    0.091549,     0.470213
    0.091831,     0.469392
    0.092113,     0.468438
    0.092394,     0.467521
    0.092676,     0.466872
    0.092958,     0.465917
    0.093239,     0.465001
    0.093521,     0.464104
    0.093803,     0.463206
    0.094085,     0.462271
    0.094366,     0.461450
    0.094648,     0.460629
    0.094930,     0.459808
    0.095211,     0.458720
    0.095493,     0.458032
    0.095775,     0.457154
    0.096056,     0.456123
    0.096338,     0.455264
    0.096620,     0.454539
    0.096901,     0.453584
    0.097183,     0.452763
    0.097465,     0.451732
    0.097746,     0.451064
    0.098028,     0.450052
    0.098310,     0.449117
    0.098592,     0.448315
    0.098873,     0.447360
    0.099155,     0.446596
    0.099437,     0.445527
    0.099718,     0.444859
    0.100000,     0.443905
    0.100282,     0.443084
    0.100563,     0.442224
    0.100845,     0.441251
    0.101127,     0.440411
    0.101408,     0.439609
    0.101690,     0.438788
    0.101972,     0.437852
    0.102254,     0.436898
    0.102535,     0.436058
    0.102817,     0.435237
    0.103099,     0.434244
    0.103380,     0.433461
    0.103662,     0.432468
    0.103944,     0.431667
    0.104225,     0.430846
    0.104507,     0.429777
    0.104789,     0.428860
    0.105070,     0.428173
    0.105352,     0.427237
    0.105634,     0.426302
    0.105915,     0.425443
    0.106197,     0.424526
    0.106479,     0.423724
    0.106761,     0.422751
    0.107042,     0.421739
    0.107324,     0.420803
    0.107606,     0.419982
    0.107887,     0.419181
    0.108169,     0.418245
    0.108451,     0.417290
    0.108732,     0.416393
    0.109014,     0.415515
    0.109296,     0.414637
    0.109577,     0.413778
    0.109859,     0.412918
    0.110141,     0.412002
    0.110423,     0.411200
    0.110704,     0.410207
    0.110986,     0.409310
    0.111268,     0.408432
    0.111549,     0.407477
    0.111831,     0.406580
    0.112113,     0.405721
    0.112394,     0.404766
    0.112676,     0.403869
    0.112958,     0.403182
    0.113239,     0.402132
    0.113521,     0.401253
    0.113803,     0.400413
    0.114085,     0.399459
    0.114366,     0.398638
    0.114648,     0.397874
    0.114930,     0.396977
    0.115211,     0.396041
    0.115493,     0.394953
    0.115775,     0.394285
    0.116056,     0.393368
    0.116338,     0.392566
    0.116620,     0.391688
    0.116901,     0.390925
    0.117183,     0.389894
    0.117465,     0.389130
    0.117746,     0.388175
    0.118028,     0.387431
    0.118310,     0.386495
    0.118592,     0.385655
    0.118873,     0.384987
    0.119155,     0.384166
    0.119437,     0.383231
    0.119718,     0.382333
    0.120000,     0.381398
    0.120282,     0.380615
    0.120563,     0.379870
    0.120845,     0.378954
    0.121127,     0.378248
    0.121408,     0.377388
    0.121690,     0.376338
    0.121972,     0.375670
    0.122254,     0.374868
    0.122535,     0.373914
    0.122817,     0.373226
    0.123099,     0.372501
    0.123380,     0.371604
    0.123662,     0.370783
    0.123944,     0.370057
    0.124225,     0.369122
    0.124507,     0.368396
    0.124789,     0.367613
    0.125070,     0.366640
    0.125352,     0.365895
    0.125634,     0.365170
    0.125915,     0.364387
    0.126197,     0.363661
    0.126479,     0.362707
    0.126761,     0.362077
    0.127042,     0.361256
    0.127324,     0.360511
    0.127606,     0.359690
    0.127887,     0.358965
    0.128169,     0.358258
    0.128451,     0.357437
    0.128732,     0.356578
    0.129014,     0.355815
    0.129296,     0.355051
    0.129577,     0.354268
    0.129859,     0.353791
    0.130141,     0.353008
    0.130423,     0.352245
    0.130704,     0.351366
    0.130986,     0.350755
    0.131268,     0.350049
    0.131549,     0.349152
    0.131831,     0.348636
    0.132113,     0.347834
    0.132394,     0.347128
    0.132676,     0.346345
    0.132958,     0.345601
    0.133239,     0.344932
    0.133521,     0.344130
    0.133803,     0.343558
    0.134085,     0.342870
    0.134366,     0.342126
    0.134648,     0.341458
    0.134930,     0.340541
    0.135211,     0.339911
    0.135493,     0.339281
    0.135775,     0.338727
    0.136056,     0.337907
    0.136338,     0.337391
    0.136620,     0.336532
    0.136901,     0.335921
    0.137183,     0.335253
    0.137465,     0.334489
    0.137746,     0.333744
    0.138028,     0.333229
    0.138310,     0.332561
    0.138592,     0.331931
    0.138873,     0.331129
    0.139155,     0.330633
    0.139437,     0.329926
    0.139718,     0.329277
    0.140000,     0.328628
    0.140282,     0.327902
    0.140563,     0.327349
    0.140845,     0.326681
    0.141127,     0.326108
    0.141408,     0.325440
    0.141690,     0.324752
    0.141972,     0.324046
    0.142254,     0.323569
    0.142535,     0.322824
    0.142817,     0.322232
    0.143099,     0.321564
    0.143380,     0.320972
    0.143662,     0.320285
    0.143944,     0.319731
    0.144225,     0.319139
    0.144507,     0.318528
    0.144789,     0.317822
    0.145070,     0.317402
    0.145352,     0.316638
    0.145634,     0.316180
    0.145915,     0.315474
    0.146197,     0.314882
    0.146479,     0.314309
    0.146761,     0.313698
    0.147042,     0.313030
    0.147324,     0.312533
    0.147606,     0.311922
    0.147887,     0.311369
    0.148169,     0.310853
    0.148451,     0.310090
    0.148732,     0.309574
    0.149014,     0.308963
    0.149296,     0.308371
    0.149577,     0.307875
    0.149859,     0.307188
    0.150141,     0.306749
    0.150423,     0.306099
    0.150704,     0.305546
    0.150986,     0.304992
    0.151268,     0.304381
    0.151549,     0.303751
    0.151831,     0.303446
    0.152113,     0.302816
    0.152394,     0.302052
    0.152676,     0.301632
    0.152958,     0.301078
    0.153239,     0.300506
    0.153521,     0.299990
    0.153803,     0.299360
    0.154085,     0.298845
    0.154366,     0.298367
    0.154648,     0.297775
    0.154930,     0.297317
    0.155211,     0.296649
    0.155493,     0.296038
    0.155775,     0.295484
    0.156056,     0.295007
    0.156338,     0.294473
    0.156620,     0.294014
    0.156901,     0.293461
    0.157183,     0.292850
    0.157465,     0.292563
    0.157746,     0.291838
    0.158028,     0.291341
    0.158310,     0.290807
    0.158592,     0.290215
    0.158873,     0.289795
    0.159155,     0.289299
    0.159437,     0.288688
    0.159718,     0.288210
    0.160000,     0.287638
    0.160282,     0.287084
    0.160563,     0.286530
    0.160845,     0.286091
    0.161127,     0.285690
    0.161408,     0.285003
    0.161690,     0.284545
    0.161972,     0.284220
    0.162254,     0.283667
    0.162535,     0.283094
    0.162817,     0.282502
    0.163099,     0.282120
    0.163380,     0.281528
    0.163662,     0.281146
    0.163944,     0.280631
    0.164225,     0.280135
    0.164507,     0.279619
    0.164789,     0.279104
    0.165070,     0.278722
    0.165352,     0.278111
    0.165634,     0.277595
    0.165915,     0.277137
    0.166197,     0.276603
    0.166479,     0.276316
    0.166761,     0.275820
    0.167042,     0.275171
    0.167324,     0.274751
    0.167606,     0.274235
    0.167887,     0.273853
    0.168169,     0.273395
    0.168451,     0.272975
    0.168732,     0.272517
    0.169014,     0.272211
    0.169296,     0.271581
    0.169577,     0.271257
    0.169859,     0.270665
    0.170141,     0.270245
    0.170423,     0.269882
    0.170704,     0.269386
    0.170986,     0.269061
    0.171268,     0.268508
    0.171549,     0.268298
    0.171831,     0.267820
    0.172113,     0.267458
    0.172394,     0.267095
    0.172676,     0.266560
    0.172958,     0.266140
    0.173239,     0.266026
    0.173521,     0.265510
    0.173803,     0.265109
    0.174085,     0.264880
    0.174366,     0.264307
    0.174648,     0.264040
    0.174930,     0.263620
    0.175211,     0.263257
    0.175493,     0.262837
    0.175775,     0.262455
    0.176056,     0.262131
    0.176338,     0.261825
    0.176620,     0.261482
    0.176901,     0.260833
    0.177183,     0.260470
    0.177465,     0.259935
    0.177746,     0.259630
    0.178028,     0.259095
    0.178310,     0.258618
    0.178592,     0.258103
    0.178873,     0.257587
    0.179155,     0.256881
    0.179437,     0.256442
    0.179718,     0.256022
    0.180000,     0.255105
    0.180282,     0.254628
    0.180563,     0.254017
    0.180845,     0.253272
    0.181127,     0.252776
    0.181408,     0.251993
    0.181690,     0.251344
    0.181972,     0.250733
    0.182254,     0.250027
    0.182535,     0.249225
    0.182817,     0.248518
    0.183099,     0.248003
    0.183380,     0.247201
    0.183662,     0.246514
    0.183944,     0.245884
    0.184225,     0.245387
    0.184507,     0.244643
    0.184789,     0.244204
    0.185070,     0.243765
    0.185352,     0.243039
    0.185634,     0.242466
    0.185915,     0.241874
    0.186197,     0.241531
    0.186479,     0.241015
    0.186761,     0.240538
    0.187042,     0.240061
    0.187324,     0.239583
    0.187606,     0.239202
    0.187887,     0.238896
    0.188169,     0.238381
    0.188451,     0.238171
    0.188732,     0.237712
    0.189014,     0.237292
    0.189296,     0.236987
    0.189577,     0.236834
    0.189859,     0.236471
    0.190141,     0.236147
    0.190423,     0.235861
    0.190704,     0.235555
    0.190986,     0.235364
    0.191268,     0.235059
    0.191549,     0.234906
    0.191831,     0.234562
    0.192113,     0.234314
    0.192394,     0.234161
    0.192676,     0.233837
    0.192958,     0.233818
    0.193239,     0.233398
    0.193521,     0.233302
    0.193803,     0.233111
    0.194085,     0.232959
    0.194366,     0.232901
    0.194648,     0.232729
    0.194930,     0.232500
    0.195211,     0.232290
    0.195493,     0.232099
    0.195775,     0.232023
    0.196056,     0.231851
    0.196338,     0.231622
    0.196620,     0.231584
    0.196901,     0.231450
    0.197183,     0.231240
    0.197465,     0.231145
    0.197746,     0.231088
    0.198028,     0.230878
    0.198310,     0.230744
    0.198592,     0.230515
    0.198873,     0.230438
    0.199155,     0.230419
    0.199437,     0.230381
    0.199718,     0.230209
    0.200000,     0.230057
    0.200282,     0.230018
    0.200845,     0.229885
    0.201127,     0.229656
    0.201408,     0.229617
    0.201690,     0.229484
    0.201972,     0.229407
    0.202254,     0.229236
    0.202535,     0.229217
    0.202817,     0.229045
    0.203099,     0.229026
    0.203380,     0.228816
    0.203944,     0.228739
    0.204225,     0.228663
    0.204507,     0.228567
    0.204789,     0.228472
    0.205070,     0.228453
    0.205352,     0.228281
    0.205634,     0.228262
    0.205915,     0.228186
    0.206197,     0.228109
    0.206479,     0.228090
    0.206761,     0.228014
    0.207324,     0.227842
    0.207606,     0.227766
    0.207887,     0.227746
    0.208451,     0.227670
    0.208732,     0.227575
    0.209014,     0.227517
    0.209296,     0.227498
    0.209577,     0.227403
    0.209859,     0.227326
    0.210141,     0.227231
    0.210423,     0.227193
    0.210986,     0.227116
    0.211549,     0.227002
    0.211831,     0.226945
    0.212113,     0.226906
    0.212394,     0.226830
    0.212676,     0.226773
    0.212958,     0.226735
    0.213239,     0.226716
    0.213521,     0.226658
    0.213803,     0.226525
    0.214085,     0.226448
    0.214366,     0.226429
    0.214648,     0.226391
    0.214930,     0.226353
    0.215211,     0.226296
    0.215493,     0.226257
    0.215775,     0.226200
    0.216056,     0.226143
    0.216338,     0.226124
    0.216620,     0.226047
    0.216901,     0.226028
    0.217183,     0.225990
    0.217746,     0.225914
    0.218028,     0.225895
    0.218592,     0.225856
    0.218873,     0.225780
    0.219155,     0.225627
    0.219437,     0.225608
    0.219718,     0.225570
    0.220000,     0.225551
    0.220282,     0.225513
    0.220563,     0.225436
    0.220845,     0.225398
    0.221408,     0.225379
    0.221972,     0.225322
    0.222254,     0.225245
    0.222535,     0.225226
    0.222817,     0.225074
    0.223380,     0.225055
    0.223662,     0.225035
    0.223944,     0.225016
    0.224225,     0.224997
    0.224507,     0.224978
    0.225070,     0.224883
    0.225352,     0.224806
    0.225915,     0.224787
    0.226479,     0.224711
    0.226761,     0.224692
    0.227042,     0.224673
    0.227324,     0.224654
    0.227606,     0.224615
    0.227887,     0.224558
    0.228169,     0.224444
    0.228732,     0.224425
    0.229014,     0.224386
    0.229296,     0.224348
    0.229577,     0.224329
    0.229859,     0.224291
    0.230141,     0.224234
    0.230423,     0.224157
    0.230704,     0.224138
    0.231268,     0.224119
    0.231549,     0.224081
    0.231831,     0.224004
    0.232113,     0.223985
    0.232394,     0.223928
    0.232676,     0.223909
    0.232958,     0.223871
    0.233239,     0.223852
    0.233521,     0.223814
    0.234085,     0.223775
    0.234366,     0.223718
    0.234648,     0.223699
    0.234930,     0.223642
    0.235211,     0.223623
    0.235493,     0.223604
    0.235775,     0.223546
    0.236056,     0.223508
    0.236338,     0.223432
    0.236620,     0.223413
    0.236901,     0.223374
    0.237183,     0.223355
    0.237465,     0.223336
    0.237746,     0.223317
    0.238028,     0.223298
    0.238310,     0.223164
    0.238592,     0.223145
    0.238873,     0.223088
    0.239718,     0.223050
    0.240000,     0.223031
    0.240282,     0.222916
    0.240563,     0.222878
    0.240845,     0.222859
    0.241127,     0.222783
    0.241408,     0.222725
    0.241690,     0.222687
    0.242254,     0.222630
    0.242535,     0.222592
    0.242817,     0.222573
    0.243099,     0.222534
    0.243380,     0.222496
    0.243662,     0.222420
    0.243944,     0.222382
    0.244225,     0.222286
    0.244507,     0.222267
    0.244789,     0.222114
    0.245070,     0.222095
    0.245352,     0.222057
    0.245634,     0.222019
    0.245915,     0.221962
    0.246197,     0.221790
    0.246479,     0.221694
    0.246761,     0.221675
    0.247042,     0.221580
    0.247606,     0.221446
    0.247887,     0.221427
    0.248169,     0.221293
    0.248451,     0.221255
    0.248732,     0.221103
    0.249014,     0.221064
    0.249296,     0.221007
    0.249577,     0.220797
    0.249859,     0.220625
    0.250141,     0.220549
    0.250423,     0.220396
    0.250986,     0.220186
    0.251268,     0.219957
    0.251549,     0.219747
    0.251831,     0.219690
    0.252113,     0.219442
    0.252394,     0.219403
    0.252958,     0.218926
    0.253239,     0.218735
    0.253521,     0.218563
    0.253803,     0.218391
    0.254085,     0.218067
    0.254366,     0.217781
    0.254648,     0.217628
    0.254930,     0.217361
    0.255211,     0.216979
    0.255493,     0.216730
    0.255775,     0.216406
    0.256056,     0.216215
    0.256338,     0.215795
    0.256620,     0.215566
    0.256901,     0.215241
    0.257183,     0.215050
    0.257465,     0.214783
    0.257746,     0.214439
    0.258028,     0.214210
    0.258310,     0.213962
    0.258592,     0.213580
    0.258873,     0.213237
    0.259155,     0.212874
    0.259437,     0.212607
    0.259718,     0.212263
    0.260000,     0.211900
    0.260282,     0.211690
    0.260563,     0.211251
    0.260845,     0.211137
    0.261127,     0.210927
    0.261408,     0.210545
    0.261690,     0.210163
    0.261972,     0.209915
    0.262254,     0.209609
    0.262535,     0.209418
    0.262817,     0.209075
    0.263099,     0.208826
    0.263380,     0.208426
    0.263662,     0.208273
    0.263944,     0.207948
    0.264225,     0.207624
    0.264507,     0.207185
    0.264789,     0.207108
    0.265070,     0.206898
    0.265352,     0.206516
    0.265634,     0.206249
    0.265915,     0.206115
    0.266197,     0.205810
    0.266479,     0.205504
    0.266761,     0.205485
    0.267042,     0.205008
    0.267324,     0.204836
    0.267606,     0.204474
    0.267887,     0.204206
    0.268169,     0.203996
    0.268451,     0.203901
    0.268732,     0.203614
    0.269014,     0.203271
    0.269296,     0.203080
    0.269577,     0.202774
    0.269859,     0.202698
    0.270141,     0.202393
    0.270423,     0.202182
    0.270704,     0.201877
    0.270986,     0.201667
    0.271268,     0.201514
    0.271549,     0.201266
    0.271831,     0.201094
    0.272113,     0.200770
    0.272394,     0.200617
    0.272676,     0.200445
    0.272958,     0.200254
    0.273239,     0.199949
    0.273521,     0.199796
    0.273803,     0.199529
    0.274085,     0.199433
    0.274366,     0.199051
    0.274648,     0.199032
    0.274930,     0.198784
    0.275211,     0.198555
    0.275493,     0.198383
    0.275775,     0.198345
    0.276056,     0.198040
    0.276338,     0.197868
    0.276620,     0.197677
    0.276901,     0.197543
    0.277183,     0.197238
    0.277465,     0.197047
    0.277746,     0.196722
    0.278028,     0.196665
    0.278310,     0.196455
    0.278592,     0.196264
    0.278873,     0.196016
    0.279155,     0.195806
    0.279437,     0.195729
    0.279718,     0.195424
    0.280000,     0.195309
    0.280282,     0.194985
    0.280563,     0.194908
    0.280845,     0.194679
    0.281127,     0.194469
    0.281408,     0.194317
    0.281690,     0.194126
    0.281972,     0.193954
    0.282254,     0.193668
    0.282535,     0.193553
    0.282817,     0.193209
    0.283099,     0.193057
    0.283380,     0.192904
    0.283662,     0.192751
    0.283944,     0.192484
    0.284225,     0.192369
    0.284507,     0.192064
    0.284789,     0.191797
    0.285070,     0.191606
    0.285352,     0.191510
    0.285634,     0.191281
    0.285915,     0.190937
    0.286197,     0.190842
    0.286479,     0.190613
    0.286761,     0.190346
    0.287042,     0.190288
    0.287324,     0.189887
    0.287606,     0.189792
    0.287887,     0.189505
    0.288169,     0.189162
    0.288451,     0.189124
    0.288732,     0.188818
    0.289014,     0.188551
    0.289296,     0.188341
    0.289577,     0.188265
    0.289859,     0.187883
    0.290141,     0.187692
    0.290423,     0.187463
    0.290704,     0.187310
    0.290986,     0.187138
    0.291268,     0.186890
    0.291549,     0.186661
    0.291831,     0.186432
    0.292113,     0.186203
    0.292394,     0.185935
    0.292676,     0.185725
    0.292958,     0.185630
    0.293239,     0.185229
    0.293521,     0.184962
    0.293803,     0.184866
    0.294085,     0.184771
    0.294366,     0.184523
    0.294648,     0.184332
    0.294930,     0.184141
    0.295211,     0.183950
    0.295493,     0.183721
    0.295775,     0.183472
    0.296056,     0.183262
    0.296338,     0.182957
    0.296620,     0.182862
    0.296901,     0.182804
    0.297183,     0.182499
    0.297465,     0.182442
    0.297746,     0.182231
    0.298028,     0.181888
    0.298310,     0.181678
    0.298592,     0.181487
    0.298873,     0.181449
    0.299155,     0.181143
    0.299437,     0.181105
    0.299718,     0.180876
    0.300000,     0.180609
    0.300282,     0.180590
    0.300563,     0.180437
    0.300845,     0.180265
    0.301127,     0.180055
    0.301408,     0.179883
    0.301690,     0.179711
    0.301972,     0.179501
    0.302254,     0.179368
    0.302535,     0.179120
    0.302817,     0.178890
    0.303099,     0.178871
    0.303380,     0.178700
    0.303662,     0.178528
    0.303944,     0.178375
    0.304225,     0.178089
    0.304507,     0.178031
    0.304789,     0.177917
    0.305070,     0.177745
    0.305352,     0.177726
    0.305634,     0.177401
    0.305915,     0.177382
    0.306197,     0.177229
    0.306479,     0.177039
    0.306761,     0.176905
    0.307042,     0.176771
    0.307324,     0.176561
    0.307606,     0.176370
    0.307887,     0.176332
    0.308169,     0.176141
    0.308451,     0.176084
    0.308732,     0.175969
    0.309014,     0.175817
    0.309296,     0.175702
    0.309577,     0.175473
    0.309859,     0.175339
    0.310141,     0.175263
    0.310423,     0.175110
    0.310704,     0.175072
    0.310986,     0.174843
    0.311268,     0.174767
    0.311549,     0.174576
    0.311831,     0.174518
    0.312113,     0.174442
    0.312394,     0.174347
    0.312676,     0.174156
    0.312958,     0.174079
    0.313239,     0.173946
    0.313521,     0.173755
    0.313803,     0.173717
    0.314085,     0.173526
    0.314366,     0.173449
    0.314648,     0.173277
    0.314930,     0.173144
    0.315211,     0.173125
    0.315493,     0.173048
    0.315775,     0.172991
    0.316056,     0.172838
    0.316338,     0.172628
    0.316620,     0.172533
    0.316901,     0.172456
    0.317183,     0.172380
    0.317465,     0.172361
    0.317746,     0.172285
    0.318028,     0.172094
    0.318310,     0.171884
    0.318592,     0.171826
    0.318873,     0.171769
    0.319155,     0.171616
    0.319437,     0.171540
    0.319718,     0.171483
    0.320000,     0.171387
    0.320282,     0.171349
    0.320563,     0.171254
    0.320845,     0.171044
    0.321127,     0.171025
    0.321408,     0.170738
    0.321690,     0.170719
    0.321972,     0.170643
    0.322254,     0.170433
    0.323099,     0.170375
    0.323380,     0.170261
    0.323662,     0.170108
    0.323944,     0.169994
    0.324225,     0.169975
    0.324789,     0.169688
    0.325352,     0.169669
    0.325634,     0.169440
    0.325915,     0.169421
    0.326197,     0.169249
    0.326479,     0.169173
    0.326761,     0.169058
    0.327042,     0.168924
    0.327324,     0.168886
    0.327606,     0.168810
    0.327887,     0.168734
    0.328451,     0.168638
    0.328732,     0.168428
    0.329296,     0.168275
    0.329577,     0.168218
    0.329859,     0.168065
    0.330141,     0.168027
    0.330423,     0.167798
    0.330704,     0.167779
    0.330986,     0.167722
    0.331268,     0.167588
    0.331549,     0.167512
    0.331831,     0.167435
    0.332113,     0.167340
    0.332394,     0.167225
    0.332676,     0.167149
    0.332958,     0.167111
    0.333521,     0.166977
    0.333803,     0.166691
    0.334366,     0.166595
    0.334648,     0.166576
    0.334930,     0.166443
    0.335211,     0.166404
    0.335493,     0.166213
    0.335775,     0.166156
    0.336056,     0.166137
    0.336338,     0.166042
    0.336620,     0.165946
    0.336901,     0.165889
    0.337183,     0.165641
    0.337465,     0.165622
    0.337746,     0.165583
    0.338028,     0.165526
    0.338310,     0.165335
    0.338592,     0.165240
    0.338873,     0.165087
    0.339155,     0.165011
    0.339437,     0.164972
    0.339718,     0.164896
    0.340000,     0.164762
    0.340282,     0.164667
    0.340563,     0.164610
    0.340845,     0.164533
    0.341127,     0.164476
    0.341408,     0.164438
    0.341690,     0.164190
    0.341972,     0.164132
    0.342254,     0.164113
    0.342535,     0.163999
    0.342817,     0.163884
    0.343099,     0.163770
    0.343380,     0.163731
    0.343662,     0.163636
    0.343944,     0.163426
    0.344507,     0.163388
    0.344789,     0.163216
    0.345070,     0.162949
    0.345352,     0.162911
    0.345634,     0.162872
    0.345915,     0.162777
    0.346197,     0.162681
    0.346479,     0.162605
    0.346761,     0.162491
    0.347042,     0.162471
    0.347324,     0.162376
    0.347606,     0.162242
    0.347887,     0.162109
    0.348169,     0.162032
    0.348451,     0.161956
    0.348732,     0.161822
    0.349014,     0.161631
    0.349296,     0.161593
    0.349577,     0.161536
    0.349859,     0.161383
    0.350141,     0.161364
    0.350423,     0.161211
    0.350704,     0.161192
    0.350986,     0.161020
    0.351268,     0.160944
    0.351549,     0.160753
    0.351831,     0.160715
    0.352113,     0.160658
    0.352394,     0.160524
    0.352676,     0.160505
    0.352958,     0.160448
    0.353239,     0.160180
    0.353803,     0.160161
    0.354085,     0.159970
    0.354366,     0.159875
    0.354648,     0.159703
    0.355211,     0.159684
    0.355493,     0.159379
    0.355775,     0.159321
    0.356056,     0.159302
    0.356338,     0.159149
    0.356620,     0.159016
    0.356901,     0.158959
    0.357183,     0.158901
    0.357465,     0.158844
    0.357746,     0.158806
    0.358310,     0.158672
    0.358592,     0.158539
    0.358873,     0.158386
    0.359155,     0.158348
    0.359437,     0.158099
    0.359718,     0.158080
    0.360000,     0.158061
    0.360282,     0.157947
    0.360563,     0.157851
    0.361127,     0.157756
    0.361408,     0.157622
    0.361690,     0.157488
    0.361972,     0.157469
    0.362254,     0.157431
    0.362817,     0.157259
    0.363380,     0.157030
    0.363662,     0.156916
    0.363944,     0.156820
    0.364225,     0.156687
    0.364507,     0.156648
    0.364789,     0.156610
    0.365070,     0.156534
    0.365352,     0.156419
    0.365634,     0.156324
    0.365915,     0.156247
    0.366197,     0.156152
    0.366479,     0.156037
    0.366761,     0.155980
    0.367042,     0.155866
    0.367324,     0.155847
    0.367606,     0.155808
    0.367887,     0.155751
    0.368169,     0.155675
    0.368451,     0.155522
    0.369014,     0.155446
    0.369296,     0.155331
    0.369577,     0.155274
    0.369859,     0.155217
    0.370141,     0.155026
    0.370423,     0.154968
    0.370704,     0.154949
    0.370986,     0.154911
    0.371268,     0.154854
    0.371549,     0.154777
    0.371831,     0.154663
    0.372113,     0.154625
    0.372394,     0.154606
    0.372676,     0.154472
    0.372958,     0.154453
    0.373239,     0.154300
    0.373521,     0.154281
    0.373803,     0.154224
    0.374085,     0.154071
    0.374366,     0.153976
    0.374648,     0.153937
    0.374930,     0.153918
    0.375211,     0.153861
    0.375493,     0.153785
    0.376056,     0.153727
    0.376338,     0.153632
    0.377183,     0.153422
    0.377465,     0.153250
    0.378028,     0.153193
    0.378310,     0.153155
    0.378592,     0.153097
    0.378873,     0.153040
    0.379155,     0.153021
    0.379437,     0.152830
    0.379718,     0.152811
    0.380000,     0.152754
    0.380282,     0.152696
    0.380563,     0.152658
    0.380845,     0.152620
    0.381408,     0.152525
    0.381690,     0.152448
    0.381972,     0.152410
    0.382535,     0.152238
    0.382817,     0.152105
    0.383099,     0.152085
    0.383380,     0.152066
    0.383662,     0.151990
    0.383944,     0.151914
    0.384225,     0.151837
    0.384507,     0.151818
    0.384789,     0.151761
    0.385352,     0.151723
    0.385634,     0.151589
    0.385915,     0.151513
    0.386197,     0.151455
    0.386479,     0.151398
    0.387324,     0.151226
    0.387606,     0.151188
    0.387887,     0.151093
    0.388169,     0.151035
    0.388732,     0.151016
    0.389014,     0.150997
    0.389296,     0.150806
    0.389859,     0.150768
    0.390141,     0.150749
    0.390423,     0.150634
    0.390704,     0.150596
    0.390986,     0.150558
    0.391268,     0.150501
    0.391549,     0.150463
    0.391831,     0.150424
    0.392113,     0.150348
    0.392394,     0.150310
    0.392676,     0.150234
    0.392958,     0.150214
    0.393239,     0.150138
    0.393521,     0.150119
    0.393803,     0.150062
    0.394085,     0.150043
    0.394648,     0.149966
    0.394930,     0.149947
    0.395211,     0.149852
    0.395493,     0.149756
    0.395775,     0.149699
    0.396056,     0.149680
    0.396620,     0.149642
    0.396901,     0.149604
    0.397183,     0.149527
    0.397465,     0.149470
    0.397746,     0.149451
    0.398028,     0.149374
    0.398310,     0.149355
    0.398592,     0.149241
    0.398873,     0.149203
    0.399155,     0.149145
    0.399437,     0.149126
    0.399718,     0.149050
    0.400000,     0.149031
    0.400563,     0.149012
    0.401127,     0.148973
    0.401408,     0.148878
    0.401690,     0.148821
    0.401972,     0.148763
    0.402254,     0.148706
    0.402535,     0.148687
    0.403099,     0.148630
    0.403380,     0.148553
    0.403662,     0.148534
    0.403944,     0.148496
    0.404507,     0.148343
    0.404789,     0.148324
    0.405634,     0.148305
    0.405915,     0.148286
    0.406197,     0.148172
    0.406479,     0.148133
    0.406761,     0.148095
    0.407324,     0.147962
    0.408169,     0.147943
    0.408451,     0.147885
    0.408732,     0.147866
    0.409296,     0.147809
    0.409577,     0.147771
    0.410423,     0.147675
    0.410704,     0.147580
    0.410986,     0.147561
    0.411549,     0.147465
    0.411831,     0.147370
    0.412394,     0.147351
    0.412958,     0.147332
    0.413239,     0.147255
    0.413521,     0.147217
    0.413803,     0.147198
    0.414085,     0.147179
    0.414648,     0.147064
    0.414930,     0.147045
    0.415211,     0.147007
    0.415493,     0.146969
    0.416056,     0.146950
    0.416338,     0.146912
    0.416620,     0.146873
    0.416901,     0.146835
    0.417183,     0.146816
    0.417465,     0.146759
    0.417746,     0.146740
    0.418310,     0.146682
    0.418592,     0.146644
    0.418873,     0.146606
    0.419155,     0.146587
    0.419437,     0.146568
    0.419718,     0.146549
    0.420282,     0.146492
    0.420563,     0.146453
    0.421127,     0.146434
    0.421408,     0.146415
    0.421690,     0.146358
    0.421972,     0.146320
    0.422254,     0.146301
    0.422535,     0.146205
    0.422817,     0.146186
    0.423099,     0.146148
    0.423944,     0.146091
    0.424507,     0.146033
    0.424789,     0.145957
    0.425070,     0.145938
    0.425634,     0.145900
    0.425915,     0.145823
    0.426479,     0.145766
    0.427042,     0.145747
    0.427324,     0.145690
    0.427606,     0.145671
    0.427887,     0.145632
    0.428451,     0.145613
    0.429014,     0.145575
    0.429577,     0.145537
    0.429859,     0.145480
    0.430141,     0.145441
    0.430986,     0.145403
    0.431268,     0.145365
    0.431549,     0.145308
    0.431831,     0.145270
    0.432113,     0.145251
    0.432676,     0.145231
    0.432958,     0.145193
    0.433803,     0.145136
    0.435211,     0.145060
    0.435493,     0.145041
    0.435775,     0.145021
    0.436056,     0.145002
    0.436338,     0.144964
    0.436901,     0.144945
    0.437183,     0.144869
    0.437465,     0.144850
    0.438310,     0.144811
    0.438592,     0.144792
    0.438873,     0.144735
    0.439718,     0.144697
    0.440000,     0.144678
    0.440282,     0.144621
    0.440563,     0.144582
    0.441127,     0.144563
    0.441690,     0.144525
    0.442254,     0.144506
    0.442817,     0.144449
    0.443099,     0.144430
    0.443380,     0.144372
    0.443662,     0.144334
    0.443944,     0.144315
    0.444225,     0.144296
    0.444507,     0.144277
    0.445070,     0.144258
    0.445352,     0.144239
    0.445634,     0.144220
    0.445915,     0.144181
    0.446197,     0.144143
    0.446479,     0.144105
    0.446761,     0.144067
    0.447606,     0.144048
    0.447887,     0.144010
    0.448169,     0.143990
    0.448732,     0.143971
    0.449296,     0.143952
    0.449577,     0.143933
    0.449859,     0.143914
    0.450141,     0.143895
    0.450423,     0.143876
    0.450986,     0.143857
    0.451549,     0.143800
    0.451831,     0.143781
    0.452394,     0.143742
    0.452958,     0.143723
    0.453521,     0.143685
    0.454366,     0.143666
    0.454648,     0.143590
    0.455211,     0.143513
    0.455493,     0.143494
    0.456056,     0.143456
    0.456620,     0.143437
    0.456901,     0.143399
    0.457183,     0.143380
    0.457465,     0.143341
    0.458028,     0.143322
    0.458310,     0.143303
    0.458592,     0.143284
    0.459155,     0.143265
    0.459437,     0.143246
    0.459718,     0.143227
    0.460000,     0.143208
    0.460282,     0.143189
    0.461127,     0.143170
    0.461972,     0.143150
    0.462254,     0.143112
    0.462535,     0.143093
    0.462817,     0.143074
    0.463099,     0.143036
    0.463662,     0.143017
    0.464225,     0.142998
    0.464507,     0.142979
    0.465070,     0.142940
    0.465634,     0.142921
    0.465915,     0.142864
    0.466479,     0.142845
    0.466761,     0.142826
    0.467324,     0.142788
    0.467887,     0.142769
    0.468169,     0.142750
    0.468732,     0.142730
    0.469014,     0.142711
    0.469296,     0.142692
    0.470141,     0.142673
    0.470423,     0.142654
    0.470704,     0.142616
    0.471268,     0.142597
    0.471831,     0.142578
    0.472113,     0.142559
    0.472394,     0.142540
    0.472676,     0.142520
    0.473521,     0.142482
    0.474085,     0.142463
    0.474930,     0.142425
    0.475211,     0.142406
    0.475493,     0.142368
    0.475775,     0.142349
    0.476620,     0.142330
    0.477746,     0.142291
    0.478310,     0.142253
    0.479155,     0.142234
    0.479437,     0.142215
    0.479718,     0.142177
    0.480000,     0.142158
    0.481408,     0.142139
    0.481690,     0.142120
    0.481972,     0.142100
    0.482535,     0.142081
    0.482817,     0.142062
    0.483662,     0.142043
    0.484225,     0.142024
    0.484507,     0.141967
    0.484789,     0.141948
    0.485352,     0.141929
    0.485634,     0.141909
    0.486197,     0.141890
    0.486761,     0.141871
    0.487324,     0.141852
    0.488451,     0.141833
    0.489014,     0.141814
    0.489577,     0.141795
    0.490141,     0.141776
    0.490423,     0.141757
    0.491549,     0.141738
    0.491831,     0.141719
    0.492394,     0.141661
    0.492676,     0.141642
    0.493239,     0.141623
    0.493521,     0.141604
    0.494085,     0.141585
    0.494648,     0.141566
    0.495211,     0.141547
    0.496338,     0.141509
    0.497465,     0.141489
    0.498028,     0.141470
    0.498310,     0.141451
    0.498592,     0.141432
    0.498873,     0.141394
    0.500000,     0.141375
    0.500282,     0.141356
    0.500563,     0.141337
    0.501127,     0.141318
    0.501690,     0.141299
    0.501972,     0.141279
    0.502254,     0.141260
    0.502817,     0.141241
    0.503944,     0.141222
    0.504225,     0.141203
    0.504789,     0.141184
    0.505070,     0.141165
    0.505915,     0.141127
    0.506197,     0.141108
    0.507324,     0.141089
    0.507887,     0.141069
    0.508451,     0.141050
    0.509014,     0.141012
    0.509296,     0.140993
    0.510423,     0.140974
    0.510986,     0.140955
    0.512394,     0.140936
    0.512958,     0.140917
    0.513239,     0.140898
    0.513803,     0.140879
    0.514648,     0.140840
    0.515211,     0.140821
    0.515493,     0.140802
    0.516056,     0.140783
    0.517183,     0.140764
    0.517465,     0.140745
    0.518592,     0.140726
    0.519155,     0.140688
    0.519437,     0.140669
    0.520000,     0.140649
    0.520282,     0.140611
    0.520845,     0.140592
    0.521690,     0.140573
    0.521972,     0.140535
    0.522817,     0.140516
    0.523099,     0.140497
    0.524225,     0.140478
    0.524507,     0.140459
    0.525070,     0.140439
    0.525634,     0.140420
    0.526197,     0.140401
    0.526479,     0.140382
    0.527887,     0.140363
    0.528169,     0.140344
    0.529014,     0.140325
    0.529577,     0.140287
    0.529859,     0.140268
    0.530141,     0.140249
    0.530986,     0.140229
    0.531549,     0.140210
    0.531831,     0.140191
    0.532113,     0.140153
    0.532958,     0.140134
    0.534085,     0.140115
    0.534366,     0.140096
    0.534648,     0.140077
    0.534930,     0.140058
    0.535211,     0.140038
    0.536056,     0.140019
    0.536338,     0.140000
    0.537465,     0.139981
    0.538592,     0.139962
    0.539155,     0.139924
    0.539437,     0.139867
    0.539718,     0.139828
    0.541127,     0.139809
    0.541408,     0.139790
    0.541972,     0.139771
    0.542254,     0.139752
    0.542535,     0.139714
    0.543662,     0.139695
    0.543944,     0.139676
    0.545070,     0.139657
    0.545352,     0.139638
    0.545634,     0.139599
    0.546197,     0.139561
    0.546479,     0.139542
    0.546761,     0.139523
    0.547324,     0.139504
    0.547606,     0.139466
    0.549014,     0.139447
    0.550141,     0.139408
    0.550423,     0.139389
    0.550986,     0.139370
    0.551549,     0.139332
    0.552113,     0.139313
    0.552676,     0.139294
    0.552958,     0.139275
    0.553521,     0.139179
    0.554085,     0.139160
    0.554366,     0.139141
    0.554930,     0.139122
    0.555493,     0.139084
    0.555775,     0.139065
    0.556056,     0.139046
    0.556338,     0.139027
    0.556901,     0.139008
    0.557746,     0.138988
    0.558310,     0.138969
    0.558873,     0.138931
    0.559718,     0.138893
    0.560000,     0.138874
    0.560282,     0.138855
    0.560845,     0.138817
    0.561127,     0.138798
    0.561972,     0.138759
    0.562535,     0.138740
    0.562817,     0.138721
    0.563380,     0.138702
    0.563662,     0.138683
    0.563944,     0.138645
    0.564225,     0.138626
    0.564507,     0.138607
    0.564789,     0.138549
    0.565070,     0.138530
    0.565634,     0.138492
    0.565915,     0.138454
    0.566761,     0.138435
    0.567324,     0.138416
    0.567606,     0.138397
    0.567887,     0.138358
    0.568732,     0.138339
    0.569577,     0.138301
    0.570141,     0.138282
    0.570423,     0.138263
    0.570704,     0.138244
    0.570986,     0.138225
    0.571268,     0.138206
    0.571549,     0.138187
    0.571831,     0.138148
    0.572113,     0.138110
    0.572394,     0.138091
    0.572958,     0.138072
    0.573239,     0.138053
    0.573521,     0.137977
    0.573803,     0.137957
    0.574366,     0.137938
    0.574648,     0.137919
    0.575493,     0.137900
    0.575775,     0.137862
    0.576056,     0.137843
    0.576338,     0.137786
    0.576620,     0.137747
    0.576901,     0.137728
    0.577746,     0.137709
    0.578028,     0.137671
    0.578310,     0.137652
    0.579155,     0.137614
    0.579437,     0.137595
    0.579718,     0.137576
    0.580000,     0.137537
    0.580282,     0.137499
    0.580845,     0.137442
    0.581127,     0.137423
    0.581690,     0.137385
    0.581972,     0.137366
    0.582254,     0.137327
    0.582817,     0.137289
    0.583099,     0.137270
    0.583380,     0.137251
    0.583944,     0.137232
    0.584225,     0.137175
    0.584507,     0.137137
    0.584789,     0.137117
    0.585352,     0.137060
    0.585634,     0.137003
    0.585915,     0.136984
    0.586197,     0.136965
    0.586479,     0.136927
    0.586761,     0.136907
    0.587606,     0.136869
    0.588169,     0.136850
    0.588451,     0.136812
    0.589014,     0.136717
    0.589577,     0.136678
    0.589859,     0.136602
    0.590141,     0.136583
    0.590423,     0.136526
    0.590704,     0.136507
    0.590986,     0.136449
    0.591268,     0.136411
    0.591549,     0.136373
    0.591831,     0.136354
    0.592113,     0.136316
    0.592394,     0.136296
    0.592676,     0.136258
    0.592958,     0.136239
    0.594085,     0.136182
    0.594648,     0.135991
    0.594930,     0.135934
    0.595493,     0.135896
    0.595775,     0.135838
    0.596056,     0.135819
    0.596338,     0.135743
    0.596620,     0.135705
    0.597183,     0.135686
    0.597465,     0.135647
    0.597746,     0.135628
    0.598028,     0.135552
    0.598310,     0.135514
    0.598592,     0.135495
    0.599155,     0.135456
    0.599437,     0.135418
    0.600000,     0.135380
    0.600282,     0.135304
    0.600563,     0.135227
    0.601127,     0.135208
    0.601408,     0.135189
    0.601690,     0.135113
    0.601972,     0.134998
    0.602254,     0.134979
    0.602535,     0.134941
    0.602817,     0.134865
    0.603099,     0.134750
    0.603380,     0.134731
    0.603662,     0.134712
    0.603944,     0.134635
    0.604225,     0.134597
    0.604789,     0.134521
    0.605352,     0.134502
    0.605634,     0.134483
    0.605915,     0.134292
    0.606197,     0.134254
    0.606479,     0.134235
    0.606761,     0.134215
    0.607042,     0.134120
    0.607606,     0.134005
    0.607887,     0.133929
    0.608169,     0.133853
    0.608451,     0.133815
    0.608732,     0.133757
    0.609014,     0.133681
    0.609296,     0.133643
    0.609577,     0.133605
    0.610141,     0.133547
    0.610423,     0.133490
    0.610704,     0.133414
    0.610986,     0.133356
    0.611268,     0.133261
    0.611549,     0.133204
    0.611831,     0.133089
    0.612113,     0.133013
    0.612394,     0.132975
    0.612676,     0.132955
    0.612958,     0.132917
    0.613239,     0.132841
    0.613521,     0.132745
    0.613803,     0.132707
    0.614085,     0.132593
    0.614366,     0.132554
    0.614648,     0.132421
    0.614930,     0.132402
    0.615493,     0.132306
    0.615775,     0.132154
    0.616338,     0.132115
    0.616620,     0.132058
    0.616901,     0.132039
    0.617183,     0.131982
    0.617465,     0.131829
    0.617746,     0.131772
    0.618028,     0.131714
    0.618310,     0.131543
    0.618592,     0.131485
    0.618873,     0.131447
    0.619155,     0.131333
    0.619437,     0.131237
    0.619718,     0.131218
    0.620000,     0.131027
    0.620563,     0.131008
    0.620845,     0.130989
    0.621127,     0.130913
    0.621408,     0.130798
    0.621690,     0.130683
    0.621972,     0.130607
    0.622254,     0.130493
    0.622817,     0.130416
    0.623099,     0.130321
    0.623380,     0.130168
    0.623662,     0.130149
    0.623944,     0.130034
    0.624225,     0.129977
    0.624507,     0.129843
    0.624789,     0.129748
    0.625070,     0.129691
    0.625634,     0.129672
    0.625915,     0.129481
    0.626197,     0.129328
    0.626479,     0.129233
    0.627042,     0.129175
    0.627606,     0.129080
    0.627887,     0.128908
    0.628169,     0.128851
    0.628451,     0.128793
    0.628732,     0.128660
    0.629014,     0.128526
    0.629296,     0.128392
    0.629577,     0.128316
    0.629859,     0.128278
    0.630141,     0.128240
    0.630423,     0.128068
    0.630704,     0.127972
    0.630986,     0.127953
    0.631268,     0.127839
    0.631831,     0.127686
    0.632113,     0.127610
    0.632394,     0.127533
    0.632676,     0.127342
    0.632958,     0.127209
    0.633239,     0.127151
    0.633521,     0.127075
    0.633803,     0.126922
    0.634085,     0.126846
    0.634366,     0.126827
    0.634648,     0.126655
    0.634930,     0.126617
    0.635211,     0.126579
    0.635775,     0.126407
    0.636056,     0.126311
    0.636338,     0.126140
    0.636620,     0.126063
    0.636901,     0.126006
    0.637183,     0.125949
    0.637465,     0.125930
    0.637746,     0.125662
    0.638028,     0.125624
    0.638310,     0.125510
    0.638592,     0.125471
    0.638873,     0.125319
    0.639155,     0.125166
    0.639437,     0.125109
    0.639718,     0.125013
    0.640000,     0.124956
    0.640282,     0.124937
    0.640563,     0.124727
    0.640845,     0.124670
    0.641127,     0.124517
    0.641408,     0.124460
    0.641690,     0.124440
    0.641972,     0.124250
    0.642254,     0.124192
    0.642535,     0.123963
    0.642817,     0.123887
    0.643380,     0.123868
    0.643662,     0.123772
    0.643944,     0.123600
    0.644225,     0.123562
    0.644507,     0.123467
    0.645070,     0.123314
    0.645634,     0.123028
    0.645915,     0.122989
    0.646197,     0.122913
    0.646479,     0.122608
    0.646761,     0.122569
    0.647042,     0.122512
    0.647606,     0.122379
    0.647887,     0.122245
    0.648169,     0.122092
    0.648451,     0.122054
    0.648732,     0.121958
    0.649014,     0.121901
    0.649296,     0.121844
    0.649577,     0.121615
    0.650141,     0.121577
    0.650423,     0.121367
    0.650704,     0.121328
    0.650986,     0.121214
    0.651549,     0.121023
    0.651831,     0.120966
    0.652113,     0.120947
    0.652394,     0.120794
    0.652676,     0.120756
    0.652958,     0.120603
    0.653239,     0.120527
    0.653803,     0.120336
    0.654085,     0.120202
    0.654366,     0.120183
    0.654648,     0.120030
    0.654930,     0.119992
    0.655211,     0.119973
    0.655493,     0.119820
    0.655775,     0.119687
    0.656056,     0.119515
    0.656338,     0.119419
    0.656620,     0.119381
    0.656901,     0.119324
    0.657183,     0.119286
    0.657465,     0.119133
    0.657746,     0.119114
    0.658028,     0.118980
    0.658310,     0.118923
    0.658592,     0.118885
    0.658873,     0.118770
    0.659155,     0.118656
    0.659718,     0.118598
    0.660000,     0.118560
    0.660282,     0.118255
    0.660563,     0.118216
    0.660845,     0.118140
    0.661408,     0.118121
    0.661690,     0.117949
    0.661972,     0.117739
    0.662254,     0.117720
    0.662817,     0.117682
    0.663099,     0.117510
    0.663380,     0.117453
    0.663662,     0.117396
    0.663944,     0.117243
    0.664225,     0.117166
    0.664507,     0.117147
    0.664789,     0.117052
    0.665070,     0.117014
    0.665352,     0.116956
    0.665634,     0.116842
    0.665915,     0.116766
    0.666197,     0.116613
    0.666479,     0.116556
    0.667042,     0.116498
    0.667324,     0.116365
    0.667606,     0.116345
    0.667887,     0.116269
    0.668169,     0.116116
    0.668451,     0.116078
    0.669014,     0.115945
    0.669296,     0.115887
    0.669577,     0.115811
    0.669859,     0.115773
    0.670141,     0.115696
    0.670423,     0.115582
    0.670704,     0.115544
    0.670986,     0.115505
    0.671268,     0.115429
    0.671549,     0.115410
    0.671831,     0.115238
    0.672113,     0.115200
    0.672394,     0.115162
    0.672676,     0.115105
    0.672958,     0.115085
    0.673239,     0.114990
    0.673521,     0.114818
    0.673803,     0.114799
    0.674085,     0.114780
    0.674648,     0.114646
    0.674930,     0.114513
    0.675211,     0.114474
    0.675493,     0.114436
    0.675775,     0.114341
    0.676056,     0.114322
    0.676338,     0.114264
    0.676620,     0.114169
    0.676901,     0.114131
    0.677183,     0.114074
    0.677465,     0.113806
    0.678028,     0.113787
    0.678592,     0.113768
    0.678873,     0.113711
    0.679155,     0.113596
    0.679437,     0.113558
    0.679718,     0.113539
    0.680000,     0.113444
    0.680282,     0.113424
    0.680563,     0.113367
    0.680845,     0.113348
    0.681127,     0.113253
    0.681408,     0.113157
    0.681690,     0.113062
    0.682254,     0.112985
    0.682535,     0.112928
    0.682817,     0.112813
    0.683099,     0.112794
    0.683380,     0.112775
    0.683662,     0.112737
    0.683944,     0.112584
    0.684225,     0.112527
    0.684507,     0.112508
    0.684789,     0.112432
    0.685070,     0.112413
    0.685352,     0.112298
    0.685915,     0.112260
    0.686479,     0.112088
    0.686761,     0.112050
    0.687042,     0.111954
    0.687324,     0.111897
    0.687887,     0.111840
    0.688169,     0.111783
    0.688451,     0.111725
    0.688732,     0.111706
    0.689014,     0.111649
    0.689296,     0.111592
    0.689859,     0.111573
    0.690141,     0.111515
    0.690423,     0.111477
    0.690704,     0.111305
    0.691549,     0.111286
    0.691831,     0.111248
    0.692113,     0.111153
    0.692394,     0.111095
    0.692958,     0.111038
    0.693239,     0.110981
    0.693521,     0.110866
    0.693803,     0.110847
    0.694085,     0.110809
    0.694648,     0.110713
    0.694930,     0.110694
    0.695211,     0.110675
    0.695493,     0.110618
    0.695775,     0.110522
    0.696056,     0.110503
    0.696338,     0.110408
    0.696620,     0.110389
    0.696901,     0.110370
    0.697465,     0.110312
    0.697746,     0.110217
    0.698310,     0.110179
    0.698592,     0.110141
    0.698873,     0.110083
    0.699155,     0.110064
    0.699437,     0.110045
    0.699718,     0.109969
    0.700000,     0.109912
    0.700282,     0.109873
    0.700563,     0.109854
    0.700845,     0.109835
    0.701408,     0.109759
    0.701690,     0.109740
    0.701972,     0.109721
    0.702254,     0.109682
    0.702535,     0.109644
    0.703099,     0.109530
    0.703662,     0.109434
    0.704225,     0.109415
    0.704507,     0.109282
    0.704789,     0.109224
    0.705070,     0.109148
    0.705634,     0.109091
    0.705915,     0.109071
    0.706479,     0.108976
    0.706761,     0.108957
    0.707042,     0.108919
    0.707324,     0.108861
    0.707606,     0.108842
    0.707887,     0.108804
    0.708169,     0.108785
    0.708451,     0.108766
    0.708732,     0.108728
    0.709014,     0.108651
    0.709296,     0.108613
    0.709577,     0.108594
    0.709859,     0.108575
    0.710141,     0.108556
    0.710423,     0.108537
    0.710704,     0.108518
    0.710986,     0.108499
    0.711268,     0.108461
    0.711549,     0.108441
    0.711831,     0.108422
    0.712113,     0.108403
    0.712394,     0.108346
    0.712676,     0.108308
    0.712958,     0.108289
    0.713239,     0.108193
    0.713803,     0.108174
    0.714085,     0.108117
    0.714366,     0.108079
    0.714648,     0.108060
    0.714930,     0.107983
    0.715493,     0.107926
    0.715775,     0.107888
    0.716056,     0.107831
    0.716338,     0.107811
    0.716901,     0.107773
    0.717465,     0.107754
    0.717746,     0.107716
    0.718028,     0.107678
    0.718592,     0.107640
    0.718873,     0.107621
    0.719155,     0.107563
    0.719437,     0.107544
    0.719718,     0.107525
    0.720000,     0.107411
    0.720563,     0.107391
    0.721127,     0.107372
    0.721408,     0.107353
    0.721690,     0.107334
    0.721972,     0.107315
    0.722254,     0.107200
    0.722535,     0.107143
    0.722817,     0.107124
    0.723380,     0.107086
    0.723944,     0.107029
    0.724225,     0.106990
    0.724789,     0.106971
    0.725070,     0.106933
    0.725352,     0.106914
    0.725634,     0.106895
    0.725915,     0.106857
    0.726197,     0.106800
    0.726479,     0.106780
    0.726761,     0.106761
    0.727042,     0.106742
    0.727324,     0.106723
    0.727606,     0.106685
    0.728451,     0.106666
    0.728732,     0.106609
    0.729296,     0.106570
    0.729577,     0.106551
    0.729859,     0.106532
    0.730423,     0.106513
    0.730704,     0.106494
    0.731268,     0.106475
    0.731549,     0.106418
    0.732113,     0.106380
    0.732394,     0.106322
    0.732676,     0.106303
    0.732958,     0.106227
    0.733521,     0.106208
    0.733803,     0.106170
    0.734366,     0.106112
    0.734648,     0.106093
    0.735493,     0.106074
    0.735775,     0.106036
    0.736056,     0.106017
    0.736338,     0.105998
    0.736620,     0.105979
    0.736901,     0.105960
    0.737183,     0.105921
    0.737465,     0.105902
    0.737746,     0.105883
    0.738028,     0.105845
    0.738592,     0.105788
    0.739155,     0.105769
    0.739718,     0.105750
    0.740282,     0.105711
    0.740563,     0.105692
    0.741127,     0.105616
    0.741408,     0.105597
    0.741690,     0.105578
    0.742254,     0.105539
    0.742817,     0.105520
    0.743662,     0.105463
    0.743944,     0.105444
    0.744507,     0.105387
    0.744789,     0.105349
    0.745070,     0.105310
    0.745352,     0.105272
    0.746197,     0.105253
    0.746761,     0.105234
    0.747042,     0.105215
    0.747324,     0.105196
    0.747606,     0.105177
    0.747887,     0.105158
    0.748169,     0.105100
    0.748451,     0.105081
    0.748732,     0.105062
    0.749014,     0.105043
    0.750141,     0.105024
    0.750704,     0.105005
    0.751549,     0.104967
    0.751831,     0.104890
    0.752113,     0.104871
    0.752676,     0.104852
    0.753239,     0.104814
    0.753521,     0.104795
    0.753803,     0.104776
    0.754930,     0.104757
    0.755211,     0.104719
    0.755493,     0.104699
    0.756056,     0.104680
    0.756338,     0.104642
    0.756620,     0.104623
    0.756901,     0.104604
    0.757183,     0.104547
    0.758028,     0.104528
    0.758873,     0.104509
    0.759155,     0.104489
    0.759437,     0.104451
    0.760000,     0.104432
    0.760563,     0.104413
    0.760845,     0.104375
    0.761127,     0.104356
    0.761408,     0.104337
    0.761972,     0.104318
    0.762254,     0.104299
    0.762817,     0.104279
    0.763099,     0.104260
    0.763380,     0.104241
    0.763662,     0.104203
    0.764507,     0.104184
    0.765070,     0.104165
    0.765634,     0.104146
    0.765915,     0.104127
    0.766761,     0.104108
    0.767324,     0.104089
    0.767887,     0.104050
    0.768169,     0.104031
    0.768451,     0.104012
    0.769014,     0.103993
    0.769577,     0.103974
    0.770141,     0.103955
    0.770423,     0.103936
    0.770704,     0.103859
    0.771549,     0.103840
    0.772113,     0.103821
    0.772958,     0.103783
    0.773239,     0.103764
    0.773803,     0.103745
    0.774366,     0.103726
    0.774930,     0.103707
    0.775493,     0.103688
    0.775775,     0.103668
    0.776056,     0.103649
    0.776901,     0.103630
    0.777183,     0.103611
    0.778310,     0.103573
    0.779155,     0.103554
    0.779437,     0.103516
    0.780282,     0.103497
    0.780845,     0.103478
    0.781972,     0.103458
    0.782254,     0.103420
    0.782535,     0.103401
    0.783099,     0.103382
    0.783662,     0.103363
    0.783944,     0.103344
    0.784789,     0.103325
    0.785070,     0.103306
    0.785634,     0.103287
    0.785915,     0.103268
    0.786197,     0.103248
    0.786761,     0.103229
    0.787324,     0.103210
    0.787606,     0.103191
    0.788451,     0.103172
    0.789296,     0.103134
    0.790423,     0.103115
    0.790986,     0.103096
    0.791549,     0.103077
    0.792113,     0.103058
    0.792676,     0.103038
    0.793521,     0.103019
    0.794085,     0.103000
    0.794366,     0.102981
    0.794930,     0.102962
    0.795211,     0.102943
    0.796056,     0.102924
    0.796620,     0.102905
    0.797183,     0.102886
    0.797746,     0.102867
    0.798873,     0.102848
    0.799718,     0.102828
    0.800563,     0.102809
    0.801408,     0.102790
    0.801690,     0.102771
    0.801972,     0.102733
    0.803380,     0.102714
    0.803944,     0.102695
    0.804789,     0.102676
    0.805352,     0.102657
    0.805915,     0.102638
    0.806197,     0.102618
    0.807042,     0.102599
    0.808169,     0.102580
    0.809296,     0.102561
    0.809859,     0.102542
    0.810141,     0.102523
    0.810986,     0.102504
    0.812113,     0.102485
    0.812958,     0.102466
    0.813239,     0.102447
    0.814930,     0.102428
    0.815211,     0.102408
    0.815775,     0.102389
    0.816620,     0.102370
    0.818592,     0.102351
    0.819437,     0.102332
    0.819718,     0.102313
    0.820563,     0.102294
    0.821408,     0.102275
    0.822254,     0.102256
    0.823944,     0.102237
    0.824507,     0.102218
    0.825915,     0.102198
    0.827042,     0.102179
    0.828451,     0.102160
    0.828732,     0.102141
    0.829859,     0.102122
    0.830141,     0.102103
    0.830704,     0.102084
    0.831831,     0.102065
    0.832958,     0.102046
    0.833521,     0.102027
    0.834085,     0.102008
    0.835211,     0.101988
    0.836056,     0.101969
    0.837183,     0.101950
    0.837746,     0.101931
    0.839155,     0.101912
    0.840563,     0.101893
    0.841690,     0.101874
    0.843099,     0.101855
    0.845352,     0.101836
    0.846761,     0.101817
    0.848169,     0.101797
    0.849859,     0.101778
    0.850704,     0.101759
    0.851549,     0.101740
    0.853521,     0.101721
    0.854366,     0.101702
    0.855211,     0.101683
    0.857183,     0.101664
    0.857746,     0.101645
    0.858873,     0.101626
    0.859155,     0.101607
    0.860563,     0.101587
    0.862535,     0.101568
    0.863099,     0.101549
    0.865634,     0.101530
    0.867042,     0.101511
    0.868451,     0.101492
    0.870141,     0.101473
    0.871831,     0.101454
    0.873803,     0.101435
    0.875493,     0.101416
    0.877465,     0.101397
    0.879155,     0.101377
    0.880282,     0.101358
    0.882817,     0.101339
    0.885070,     0.101320
    0.886197,     0.101301
    0.889014,     0.101282
    0.890141,     0.101263
    0.891268,     0.101244
    0.892113,     0.101225
    0.893239,     0.101206
    0.894930,     0.101187
    0.896620,     0.101167
    0.898592,     0.101148
    0.900282,     0.101129
    0.902817,     0.101110
    0.904789,     0.101091
    0.906761,     0.101072
    0.908169,     0.101053
    0.909014,     0.101034
    0.910986,     0.101015
    0.912394,     0.100996
    0.914085,     0.100977
    0.916338,     0.100957
    0.917465,     0.100938
    0.918592,     0.100919
    0.919437,     0.100900
    0.920845,     0.100881
    0.921408,     0.100862
    0.922254,     0.100843
    0.922535,     0.100824
    0.923662,     0.100805
    0.924225,     0.100786
    0.925352,     0.100767
    0.925915,     0.100747
    0.926197,     0.100728
    0.928169,     0.100709
    0.928451,     0.100690
    0.929014,     0.100671
    0.929859,     0.100652
    0.930141,     0.100633
    0.930986,     0.100614
    0.931831,     0.100595
    0.932676,     0.100576
    0.933239,     0.100557
    0.934366,     0.100537
    0.935493,     0.100518
    0.935775,     0.100480
    0.936338,     0.100461
    0.936620,     0.100442
    0.936901,     0.100423
    0.937746,     0.100404
    0.939437,     0.100385
    0.940000,     0.100366
    0.940282,     0.100327
    0.940563,     0.100308
    0.940845,     0.100289
    0.941127,     0.100270
    0.941972,     0.100251
    0.942535,     0.100175
    0.943099,     0.100156
    0.943380,     0.100137
    0.944507,     0.100117
    0.944789,     0.100079
    0.945070,     0.100060
    0.945352,     0.100041
    0.945915,     0.100022
    0.946479,     0.099984
    0.947042,     0.099888
    0.947324,     0.099869
    0.947887,     0.099850
    0.948451,     0.099831
    0.948732,     0.099774
    0.949014,     0.099736
    0.949577,     0.099697
    0.949859,     0.099640
    0.950423,     0.099621
    0.950704,     0.099602
    0.951268,     0.099545
    0.951831,     0.099506
    0.952113,     0.099468
    0.952394,     0.099411
    0.952958,     0.099392
    0.953239,     0.099373
    0.953521,     0.099296
    0.953803,     0.099277
    0.954085,     0.099201
    0.954366,     0.099182
    0.954648,     0.099163
    0.954930,     0.099086
    0.955211,     0.099048
    0.955493,     0.099029
    0.955775,     0.098972
    0.956056,     0.098915
    0.956338,     0.098857
    0.956620,     0.098838
    0.956901,     0.098819
    0.957183,     0.098800
    0.957465,     0.098762
    0.957746,     0.098666
    0.958310,     0.098628
    0.958592,     0.098609
    0.958873,     0.098571
    0.959155,     0.098552
    0.959437,     0.098437
    0.959718,     0.098323
    0.960000,     0.098304
    0.960282,     0.098285
    0.960563,     0.098151
    0.960845,     0.098113
    0.961127,     0.097941
    0.961690,     0.097922
    0.962254,     0.097903
    0.962535,     0.097769
    0.962817,     0.097578
    0.963380,     0.097540
    0.963662,     0.097483
    0.963944,     0.097445
    0.964225,     0.097349
    0.964507,     0.097292
    0.964789,     0.097254
    0.965070,     0.097063
    0.965352,     0.096891
    0.965634,     0.096872
    0.965915,     0.096757
    0.966197,     0.096681
    0.966479,     0.096624
    0.966761,     0.096566
    0.967042,     0.096452
    0.967324,     0.096223
    0.967887,     0.096184
    0.968451,     0.095994
    0.968732,     0.095879
    0.969014,     0.095516
    0.969296,     0.095402
    0.969577,     0.095364
    0.969859,     0.095287
    0.970141,     0.095211
    0.970423,     0.095020
    0.970704,     0.094848
    0.970986,     0.094657
    0.971268,     0.094581
    0.971549,     0.094485
    0.971831,     0.094237
    0.972113,     0.094142
    0.972394,     0.093932
    0.972676,     0.093874
    0.972958,     0.093703
    0.973239,     0.093416
    0.973521,     0.093283
    0.973803,     0.093034
    0.974085,     0.092863
    0.974366,     0.092767
    0.974648,     0.092538
    0.974930,     0.092194
    0.975211,     0.092022
    0.975493,     0.091984
    0.975775,     0.091736
    0.976056,     0.091526
    0.976338,     0.091297
    0.976620,     0.091144
    0.976901,     0.090762
    0.977183,     0.090552
    0.977465,     0.090266
    0.977746,     0.090151
    0.978028,     0.089961
    0.978310,     0.089579
    0.978592,     0.089331
    0.978873,     0.089006
    0.979155,     0.088720
    0.979437,     0.088490
    0.979718,     0.088147
    0.980000,     0.087918
    0.980282,     0.087574
    0.980563,     0.087288
    0.980845,     0.087097
    0.981127,     0.086505
    0.981408,     0.086199
    0.981690,     0.085913
    0.981972,     0.085436
    0.982254,     0.085111
    0.982535,     0.084748
    0.982817,     0.084367
    0.983099,     0.084023
    0.983380,     0.083622
    0.983662,     0.083126
    0.983944,     0.082706
    0.984225,     0.082247
    0.984507,     0.081923
    0.984789,     0.081522
    0.985070,     0.080930
    0.985352,     0.080510
    0.985634,     0.079937
    0.985915,     0.079460
    0.986197,     0.078964
    0.986479,     0.078429
    0.986761,     0.077933
    0.987042,     0.077322
    0.987324,     0.076692
    0.987606,     0.076157
    0.987887,     0.075661
    0.988169,     0.074993
    0.988451,     0.074267
    0.988732,     0.073618
    0.989014,     0.073064
    0.989296,     0.072415
    0.989577,     0.071594
    0.989859,     0.070831
    0.990141,     0.070200
    0.990423,     0.069246
    0.990704,     0.068559
    0.990986,     0.067757
    0.991268,     0.066974
    0.991549,     0.066134
    0.991831,     0.065237
    0.992113,     0.064377
    0.992394,     0.063385
    0.992676,     0.062354
    0.992958,     0.061304
    0.993239,     0.060292
    0.993521,     0.059394
    0.993803,     0.058325
    0.994085,     0.057123
    0.994366,     0.056149
    0.994648,     0.054774
    0.994930,     0.053495
    0.995211,     0.052273
    0.995493,     0.051013
    0.995775,     0.049696
    0.996056,     0.048226
    0.996338,     0.046927
    0.996620,     0.045457
    0.996901,     0.043949
    0.997183,     0.042460
    0.997465,     0.040856
    0.997746,     0.039310
    0.998028,     0.037439
    0.998310,     0.035835
    0.998592,     0.033296
    0.998873,     0.029917
    0.999155,     0.024895
    0.999437,     0.019893
    0.999718,     0.014201
    1.000000,     0.008027
